{
    "timestamp": "20260130_005934",
    "config": {
        "threshold": 0.518,
        "risk_reward": 1.0,
        "stop_loss_atr": 1.0
    },
    "metrics": {
        "final_equity": 483400.0,
        "total_trades": 20616,
        "wins": 12675,
        "losses": 7941,
        "missed": 80654,
        "win_rate": 0.614813736903376,
        "accuracy": 0.614813736903376,
        "f1": 0.7614670631702262,
        "auc": 0.4929911052592753
    },
    "equity_curve": [
        10000,
        10200.0,
        10200.0,
        10200.0,
        10200.0,
        10200.0,
        10200.0,
        10200.0,
        10200.0,
        10200.0,
        10200.0,
        10200.0,
        10200.0,
        10300.0,
        10500.0,
        10500.0,
        10500.0,
        10500.0,
        10600.0,
        10800.0,
        10900.0,
        10900.0,
        10900.0,
        10900.0,
        10900.0,
        10900.0,
        10900.0,
        10900.0,
        10900.0,
        10900.0,
        11000.0,
        11400.0,
        11500.0,
        11500.0,
        11500.0,
        11500.0,
        11500.0,
        11500.0,
        11600.0,
        11700.0,
        11700.0,
        11700.0,
        11700.0,
        11700.0,
        11700.0,
        11700.0,
        11700.0,
        11700.0,
        11700.0,
        11700.0,
        11700.0,
        11700.0,
        11700.0,
        11700.0,
        12100.0,
        12000.0,
        12000.0,
        12000.0,
        12000.0,
        12000.0,
        12000.0,
        12000.0,
        12000.0,
        12000.0,
        11800.0,
        11400.0,
        11300.0,
        11300.0,
        11300.0,
        11300.0,
        11300.0,
        11300.0,
        11300.0,
        11300.0,
        11300.0,
        11400.0,
        12600.0,
        13100.0,
        15400.0,
        17700.0,
        18300.0,
        18300.0,
        17900.0,
        18000.0,
        17900.0,
        18000.0,
        18100.0,
        17900.0,
        19500.0,
        24300.0,
        26300.0,
        26200.0,
        26200.0,
        26700.0,
        27000.0,
        27500.0,
        28700.0,
        29300.0,
        29700.0,
        30900.0,
        30900.0,
        30200.0,
        32200.0,
        39700.0,
        42200.0,
        40100.0,
        38700.0,
        38800.0,
        38800.0,
        38800.0,
        38800.0,
        38800.0,
        38800.0,
        38800.0,
        39000.0,
        39700.0,
        41100.0,
        43300.0,
        43000.0,
        42800.0,
        43000.0,
        43000.0,
        42800.0,
        45300.0,
        49700.0,
        51100.0,
        51200.0,
        50800.0,
        50800.0,
        50800.0,
        50800.0,
        51100.0,
        51300.0,
        51300.0,
        51300.0,
        51300.0,
        51300.0,
        51300.0,
        51300.0,
        53900.0,
        55200.0,
        54500.0,
        56700.0,
        65100.0,
        66300.0,
        66400.0,
        66800.0,
        66800.0,
        66800.0,
        66800.0,
        67400.0,
        67600.0,
        67600.0,
        67100.0,
        67800.0,
        70700.0,
        75600.0,
        77100.0,
        77000.0,
        77300.0,
        77300.0,
        77300.0,
        77300.0,
        77600.0,
        77600.0,
        77600.0,
        77600.0,
        77700.0,
        77800.0,
        78700.0,
        78700.0,
        78900.0,
        78800.0,
        79400.0,
        79400.0,
        79500.0,
        79300.0,
        79500.0,
        80200.0,
        79400.0,
        82300.0,
        82600.0,
        82800.0,
        82800.0,
        82800.0,
        82800.0,
        82900.0,
        84100.0,
        86900.0,
        88800.0,
        89200.0,
        89300.0,
        89400.0,
        89400.0,
        89500.0,
        89400.0,
        90800.0,
        92100.0,
        93900.0,
        94900.0,
        95200.0,
        94900.0,
        95100.0,
        95800.0,
        95800.0,
        96300.0,
        96300.0,
        96100.0,
        97400.0,
        97600.0,
        98300.0,
        98000.0,
        98100.0,
        98100.0,
        98100.0,
        98400.0,
        95800.0,
        92600.0,
        88400.0,
        88400.0,
        88400.0,
        88400.0,
        88400.0,
        88400.0,
        88400.0,
        88300.0,
        88400.0,
        88400.0,
        88400.0,
        88400.0,
        88400.0,
        88400.0,
        88400.0,
        88400.0,
        88300.0,
        88300.0,
        88300.0,
        88000.0,
        86000.0,
        87000.0,
        87200.0,
        87200.0,
        87200.0,
        87200.0,
        87200.0,
        87200.0,
        89800.0,
        94100.0,
        93000.0,
        93000.0,
        93000.0,
        93100.0,
        94100.0,
        100300.0,
        103100.0,
        103100.0,
        103100.0,
        103100.0,
        103000.0,
        103000.0,
        103000.0,
        103000.0,
        103000.0,
        102800.0,
        103500.0,
        104800.0,
        104800.0,
        104900.0,
        106500.0,
        113800.0,
        113800.0,
        113600.0,
        113800.0,
        114200.0,
        114300.0,
        114300.0,
        114300.0,
        115100.0,
        115200.0,
        116700.0,
        115400.0,
        116000.0,
        116400.0,
        116500.0,
        116300.0,
        118000.0,
        122100.0,
        123300.0,
        123000.0,
        123400.0,
        122100.0,
        122200.0,
        122200.0,
        122200.0,
        122400.0,
        122500.0,
        122700.0,
        122800.0,
        123000.0,
        122700.0,
        123700.0,
        124400.0,
        124300.0,
        124100.0,
        124300.0,
        124900.0,
        125000.0,
        125000.0,
        125500.0,
        126400.0,
        129900.0,
        129800.0,
        129600.0,
        129900.0,
        130100.0,
        130300.0,
        130700.0,
        131800.0,
        132800.0,
        133200.0,
        134900.0,
        135200.0,
        135400.0,
        135800.0,
        136000.0,
        138600.0,
        139700.0,
        139900.0,
        140300.0,
        140700.0,
        140800.0,
        140500.0,
        139900.0,
        139000.0,
        135200.0,
        135900.0,
        137600.0,
        137800.0,
        137700.0,
        137700.0,
        137700.0,
        137600.0,
        137300.0,
        137600.0,
        137900.0,
        138200.0,
        138200.0,
        138300.0,
        138800.0,
        139100.0,
        138700.0,
        139200.0,
        139100.0,
        141200.0,
        142300.0,
        145000.0,
        146300.0,
        147700.0,
        147300.0,
        147500.0,
        148200.0,
        148800.0,
        148800.0,
        149100.0,
        149100.0,
        149200.0,
        149400.0,
        150400.0,
        149500.0,
        149500.0,
        149500.0,
        149800.0,
        150100.0,
        150100.0,
        150000.0,
        150100.0,
        150500.0,
        151700.0,
        156300.0,
        156800.0,
        156800.0,
        156800.0,
        156800.0,
        157000.0,
        157800.0,
        158100.0,
        158100.0,
        158100.0,
        158100.0,
        158100.0,
        158100.0,
        158000.0,
        158200.0,
        159100.0,
        159200.0,
        159300.0,
        159500.0,
        159900.0,
        160100.0,
        160300.0,
        160300.0,
        160300.0,
        161200.0,
        163100.0,
        164300.0,
        164300.0,
        164000.0,
        167000.0,
        171100.0,
        171200.0,
        171500.0,
        171800.0,
        172100.0,
        172200.0,
        170500.0,
        171600.0,
        175400.0,
        175800.0,
        175900.0,
        175900.0,
        176600.0,
        175200.0,
        180100.0,
        180500.0,
        180500.0,
        180500.0,
        180200.0,
        180300.0,
        182300.0,
        183100.0,
        183100.0,
        183300.0,
