{
    "timestamp": "20260128_210606",
    "config": {
        "threshold": 0.518,
        "risk_reward": 1.0,
        "stop_loss_atr": 1.0
    },
    "metrics": {
        "final_equity": 25000.0,
        "total_trades": 746,
        "wins": 448,
        "losses": 298,
        "missed": 1782,
        "win_rate": 0.6005361930294906,
        "accuracy": 0.6005361930294906,
        "f1": 0.7504187604690117,
        "auc": 0.5871883988494727
    },
    "equity_curve": [
        10000,
        9900.0,
        10000.0,
        10100.0,
        10000.0,
        10100.0,
        10200.0,
        10300.0,
        10400.0,
        10500.0,
        10600.0,
        10700.0,
        10800.0,
        10900.0,
        10800.0,
        10900.0,
        11000.0,
        11100.0,
        11200.0,
        11300.0,
        11400.0,
        11500.0,
        11600.0,
        11700.0,
        11800.0,
        11900.0,
        12000.0,
        12100.0,
        12200.0,
        12300.0,
        12400.0,
        12500.0,
        12600.0,
        12700.0,
        12800.0,
        12900.0,
        13000.0,
        13100.0,
        13200.0,
        13300.0,
        13400.0,
        13500.0,
        13600.0,
        13700.0,
        13800.0,
        13700.0,
        13800.0,
        13900.0,
        14000.0,
        14100.0,
        14200.0,
        14300.0,
        14400.0,
        14500.0,
        14600.0,
        14700.0,
        14800.0,
        14900.0,
        15000.0,
        15100.0,
        15200.0,
        15300.0,
        15400.0,
        15500.0,
        15600.0,
        15700.0,
        15800.0,
        15900.0,
        16000.0,
        16100.0,
        16200.0,
        16300.0,
        16400.0,
        16500.0,
        16600.0,
        16700.0,
        16800.0,
        16900.0,
        17000.0,
        16900.0,
        16800.0,
        16900.0,
        17000.0,
        17100.0,
        17000.0,
        17100.0,
        17000.0,
        17100.0,
        17200.0,
        17100.0,
        17200.0,
        17100.0,
        17200.0,
        17300.0,
        17400.0,
        17500.0,
        17600.0,
        17700.0,
        17800.0,
        17900.0,
        18000.0,
        18100.0,
        18200.0,
        18300.0,
        18400.0,
        18300.0,
        18400.0,
        18500.0,
        18600.0,
        18700.0,
        18800.0,
        18900.0,
        19000.0,
        19100.0,
        19000.0,
        19100.0,
        19000.0,
        18900.0,
        19000.0,
        19100.0,
        19200.0,
        19300.0,
        19400.0,
        19500.0,
        19400.0,
        19300.0,
        19400.0,
        19300.0,
        19400.0,
        19500.0,
        19600.0,
        19500.0,
        19400.0,
        19300.0,
        19200.0,
        19100.0,
        19000.0,
        18900.0,
        18800.0,
        18700.0,
        18600.0,
        18700.0,
        18600.0,
        18500.0,
        18400.0,
        18300.0,
        18200.0,
        18300.0,
        18200.0,
        18100.0,
        18000.0,
        17900.0,
        17800.0,
        17700.0,
        17600.0,
        17500.0,
        17400.0,
        17300.0,
        17400.0,
        17300.0,
        17200.0,
        17100.0,
        17000.0,
        16900.0,
        17000.0,
        17100.0,
        17000.0,
        16900.0,
        16800.0,
        16700.0,
        16600.0,
        16500.0,
        16400.0,
        16300.0,
        16200.0,
        16100.0,
        16000.0,
        16100.0,
        16000.0,
        15900.0,
        15800.0,
        15700.0,
        15600.0,
        15700.0,
        15600.0,
        15500.0,
        15400.0,
        15300.0,
        15200.0,
        15100.0,
        15000.0,
        15100.0,
        15200.0,
        15100.0,
        15000.0,
        14900.0,
        14800.0,
        14700.0,
        14800.0,
        14700.0,
        14600.0,
        14700.0,
        14800.0,
        14700.0,
        14600.0,
        14700.0,
        14600.0,
        14500.0,
        14600.0,
        14700.0,
        14800.0,
        14900.0,
        14800.0,
        14700.0,
        14600.0,
        14700.0,
        14800.0,
        14900.0,
        15000.0,
        15100.0,
        15200.0,
        15300.0,
        15400.0,
        15500.0,
        15600.0,
        15700.0,
        15800.0,
        15900.0,
        16000.0,
        16100.0,
        16200.0,
        16100.0,
        16000.0,
        16100.0,
        16200.0,
        16300.0,
        16400.0,
        16500.0,
        16400.0,
        16300.0,
        16400.0,
        16500.0,
        16400.0,
        16500.0,
        16600.0,
        16500.0,
        16400.0,
        16500.0,
        16400.0,
        16500.0,
        16600.0,
        16500.0,
        16400.0,
        16300.0,
        16200.0,
        16300.0,
        16400.0,
        16300.0,
        16200.0,
        16300.0,
        16200.0,
        16300.0,
        16400.0,
        16500.0,
        16400.0,
        16300.0,
        16200.0,
        16300.0,
        16400.0,
        16500.0,
        16400.0,
        16300.0,
        16400.0,
        16300.0,
        16200.0,
        16300.0,
        16200.0,
        16100.0,
        16000.0,
        15900.0,
        15800.0,
        15700.0,
        15600.0,
        15500.0,
        15600.0,
        15700.0,
        15600.0,
        15500.0,
        15600.0,
        15700.0,
        15800.0,
        15900.0,
        16000.0,
        16100.0,
        16200.0,
        16300.0,
        16400.0,
        16500.0,
        16600.0,
        16700.0,
        16800.0,
        16900.0,
        17000.0,
        16900.0,
        17000.0,
        17100.0,
        17200.0,
        17100.0,
        17200.0,
        17300.0,
        17400.0,
        17500.0,
        17600.0,
        17700.0,
        17800.0,
        17900.0,
        18000.0,
        18100.0,
        18000.0,
        17900.0,
        17800.0,
        17900.0,
        17800.0,
        17700.0,
        17800.0,
        17700.0,
        17600.0,
        17700.0,
        17800.0,
        17900.0,
        17800.0,
        17900.0,
        18000.0,
        17900.0,
        18000.0,
        18100.0,
        18200.0,
        18300.0,
        18200.0,
        18100.0,
        18200.0,
        18300.0,
        18400.0,
        18300.0,
        18200.0,
        18300.0,
        18400.0,
        18300.0,
        18200.0,
        18100.0,
        18200.0,
        18100.0,
        18200.0,
        18300.0,
        18400.0,
        18500.0,
        18600.0,
        18700.0,
        18800.0,
        18900.0,
        18800.0,
        18700.0,
        18600.0,
        18700.0,
        18800.0,
        18700.0,
        18800.0,
        18900.0,
        19000.0,
        18900.0,
        19000.0,
        19100.0,
        19200.0,
        19300.0,
        19200.0,
        19300.0,
        19200.0,
        19300.0,
        19400.0,
        19500.0,
        19400.0,
        19500.0,
        19400.0,
        19500.0,
        19400.0,
        19300.0,
        19400.0,
        19300.0,
        19400.0,
        19500.0,
        19400.0,
        19300.0,
        19400.0,
        19500.0,
        19600.0,
        19500.0,
        19600.0,
        19700.0,
        19600.0,
        19500.0,
        19400.0,
        19300.0,
        19200.0,
        19300.0,
        19400.0,
        19500.0,
        19600.0,
        19700.0,
        19800.0,
        19900.0,
        20000.0,
        20100.0,
        20000.0,
        19900.0,
        20000.0,
        20100.0,
        20000.0,
        20100.0,
        20000.0,
        20100.0,
        20000.0,
        19900.0,
        19800.0,
        19900.0,
        19800.0,
        19700.0,
        19800.0,
        19900.0,
        19800.0,
        19700.0,
        19800.0,
        19900.0,
        19800.0,
        19700.0,
        19800.0,
        19900.0,
        19800.0,
        19900.0,
        20000.0,
        20100.0,
        20000.0,
        19900.0,
        19800.0,
